{
    "category_2": {
        "f1_score": {
            "count": 321,
            "mean": 0.1319645048617011,
            "variance": 0.0694216710814934,
            "std_dev": 0.2634799253861542,
            "min": 0.0,
            "max": 1.0
        },
        "bleu_score": {
            "count": 321,
            "mean": 0.15975170240801953,
            "variance": 0.05614112811142239,
            "std_dev": 0.2369411912509566,
            "min": 0.0,
            "max": 1.0
        },
        "llm_score": {
            "count": 321,
            "mean": 0.12461059190031153,
            "variance": 0.10942367601246106,
            "std_dev": 0.3307924969107689,
            "min": 0.0,
            "max": 1.0
        },
        "search_time": {
            "count": 321,
            "mean": 0.0,
            "variance": 0.0,
            "std_dev": 0.0,
            "min": 0.0,
            "max": 0.0
        },
        "response_time": {
            "count": 321,
            "mean": 0.8728388024267749,
            "variance": 0.15350615918440283,
            "std_dev": 0.39179862070252724,
            "min": 0.5153539180755615,
            "max": 3.3470587730407715
        },
        "total_latency": {
            "count": 321,
            "mean": 0.8728388024267749,
            "variance": 0.15350615918440283,
            "std_dev": 0.39179862070252724,
            "min": 0.5153539180755615,
            "max": 3.3470587730407715
        }
    },
    "overall": {
        "f1_score": {
            "count": 1540,
            "mean": 0.2586342884652892,
            "variance": 0.11235872208852746,
            "std_dev": 0.33519952578804085,
            "min": 0.0,
            "max": 1.0
        },
        "bleu_score": {
            "count": 1540,
            "mean": 0.21277708919196123,
            "variance": 0.083573833504177,
            "std_dev": 0.28909139299567016,
            "min": 0.0,
            "max": 1.0
        },
        "llm_score": {
            "count": 1540,
            "mean": 0.3935064935064935,
            "variance": 0.23881420723525987,
            "std_dev": 0.488686205284393,
            "min": 0.0,
            "max": 1.0
        },
        "search_time": {
            "count": 1540,
            "mean": 0.0,
            "variance": 0.0,
            "std_dev": 0.0,
            "min": 0.0,
            "max": 0.0
        },
        "response_time": {
            "count": 1540,
            "mean": 0.8351992936877461,
            "variance": 0.12439775012291344,
            "std_dev": 0.35270065228592,
            "min": 0.47873806953430176,
            "max": 3.7123470306396484
        },
        "total_latency": {
            "count": 1540,
            "mean": 0.8351992936877461,
            "variance": 0.12439775012291344,
            "std_dev": 0.35270065228592,
            "min": 0.47873806953430176,
            "max": 3.7123470306396484
        }
    },
    "category_4": {
        "f1_score": {
            "count": 841,
            "mean": 0.3189511525337218,
            "variance": 0.1342009614296768,
            "std_dev": 0.36633449391188483,
            "min": 0.0,
            "max": 1.0
        },
        "bleu_score": {
            "count": 841,
            "mean": 0.2574835857078847,
            "variance": 0.10403053517020135,
            "std_dev": 0.32253764922904943,
            "min": 0.0,
            "max": 1.0
        },
        "llm_score": {
            "count": 841,
            "mean": 0.4934601664684899,
            "variance": 0.2502547987090199,
            "std_dev": 0.500254733819701,
            "min": 0.0,
            "max": 1.0
        },
        "search_time": {
            "count": 841,
            "mean": 0.0,
            "variance": 0.0,
            "std_dev": 0.0,
            "min": 0.0,
            "max": 0.0
        },
        "response_time": {
            "count": 841,
            "mean": 0.8215333125537414,
            "variance": 0.11723159109998148,
            "std_dev": 0.3423909915578701,
            "min": 0.49423694610595703,
            "max": 3.7123470306396484
        },
        "total_latency": {
            "count": 841,
            "mean": 0.8215333125537414,
            "variance": 0.11723159109998148,
            "std_dev": 0.3423909915578701,
            "min": 0.49423694610595703,
            "max": 3.7123470306396484
        }
    },
    "category_1": {
        "f1_score": {
            "count": 282,
            "mean": 0.24028513282643754,
            "variance": 0.07344300765270972,
            "std_dev": 0.2710037041309763,
            "min": 0.0,
            "max": 1.0
        },
        "bleu_score": {
            "count": 282,
            "mean": 0.15696575116472553,
            "variance": 0.0462526161712843,
            "std_dev": 0.21506421406474,
            "min": 0.0,
            "max": 1.0
        },
        "llm_score": {
            "count": 282,
            "mean": 0.40425531914893614,
            "variance": 0.24169001287196185,
            "std_dev": 0.49161978486627433,
            "min": 0.0,
            "max": 1.0
        },
        "search_time": {
            "count": 282,
            "mean": 0.0,
            "variance": 0.0,
            "std_dev": 0.0,
            "min": 0.0,
            "max": 0.0
        },
        "response_time": {
            "count": 282,
            "mean": 0.8431804636691479,
            "variance": 0.12355275223768653,
            "std_dev": 0.3515007144198807,
            "min": 0.47873806953430176,
            "max": 3.086923122406006
        },
        "total_latency": {
            "count": 282,
            "mean": 0.8431804636691479,
            "variance": 0.12355275223768653,
            "std_dev": 0.3515007144198807,
            "min": 0.47873806953430176,
            "max": 3.086923122406006
        }
    },
    "category_3": {
        "f1_score": {
            "count": 96,
            "mean": 0.20768616081274846,
            "variance": 0.09246871543476623,
            "std_dev": 0.3040866906570661,
            "min": 0.0,
            "max": 1.0
        },
        "bleu_score": {
            "count": 96,
            "mean": 0.16237899451940016,
            "variance": 0.06912272245778332,
            "std_dev": 0.2629120051610107,
            "min": 0.0,
            "max": 1.0
        },
        "llm_score": {
            "count": 96,
            "mean": 0.3854166666666667,
            "variance": 0.2393640350877193,
            "std_dev": 0.4892484390243052,
            "min": 0.0,
            "max": 1.0
        },
        "search_time": {
            "count": 96,
            "mean": 0.0,
            "variance": 0.0,
            "std_dev": 0.0,
            "min": 0.0,
            "max": 0.0
        },
        "response_time": {
            "count": 96,
            "mean": 0.8056171884139379,
            "variance": 0.08862629730156722,
            "std_dev": 0.2977016918016544,
            "min": 0.4954681396484375,
            "max": 2.350982904434204
        },
        "total_latency": {
            "count": 96,
            "mean": 0.8056171884139379,
            "variance": 0.08862629730156722,
            "std_dev": 0.2977016918016544,
            "min": 0.4954681396484375,
            "max": 2.350982904434204
        }
    }
}